{
	"textures": {
		"0": "animated_java:item/velvet/velvet"
	},
	"elements": [
		{
			"from": [
				11.8,
				-0.1999999999999993,
				0.8000000000000007
			],
			"to": [
				16.2,
				1.1999999999999993,
				5.199999999999999
			],
			"rotation": {
				"angle": 0,
				"axis": "y",
				"origin": [
					12,
					0,
					0
				]
			},
			"faces": {
				"north": {
					"uv": [
						5,
						11.5,
						4,
						11.75
					],
					"rotation": 180,
					"texture": "#0"
				},
				"east": {
					"uv": [
						0.75,
						11.5,
						1,
						12.5
					],
					"rotation": 270,
					"texture": "#0"
				},
				"south": {
					"uv": [
						12.25,
						11,
						11.25,
						10.75
					],
					"texture": "#0"
				},
				"west": {
					"uv": [
						1,
						11.5,
						1.25,
						12.5
					],
					"rotation": 90,
					"texture": "#0"
				},
				"up": {
					"uv": [
						10,
						3,
						11,
						4
					],
					"rotation": 180,
					"texture": "#0"
				},
				"down": {
					"uv": [
						10,
						4,
						11,
						5
					],
					"texture": "#0"
				}
			}
		},
		{
			"from": [
				11.8,
				1.8000000000000007,
				0.8000000000000007
			],
			"to": [
				13.2,
				3.1999999999999993,
				5.199999999999999
			],
			"rotation": {
				"angle": 0,
				"axis": "y",
				"origin": [
					12,
					0,
					0
				]
			},
			"faces": {
				"north": {
					"uv": [
						13.25,
						9.25,
						13,
						9.5
					],
					"rotation": 180,
					"texture": "#0"
				},
				"east": {
					"uv": [
						9,
						12,
						9.25,
						13
					],
					"rotation": 270,
					"texture": "#0"
				},
				"south": {
					"uv": [
						9.5,
						13.25,
						9.25,
						13
					],
					"texture": "#0"
				},
				"west": {
					"uv": [
						12,
						9.25,
						12.25,
						10.25
					],
					"rotation": 90,
					"texture": "#0"
				},
				"up": {
					"uv": [
						8.75,
						12,
						9,
						13
					],
					"rotation": 180,
					"texture": "#0"
				},
				"down": {
					"uv": [
						9.25,
						12,
						9.5,
						13
					],
					"texture": "#0"
				}
			}
		},
		{
			"from": [
				12.8,
				1.8000000000000007,
				0.8000000000000007
			],
			"to": [
				15.2,
				3.1999999999999993,
				1.1999999999999993
			],
			"rotation": {
				"angle": 0,
				"axis": "y",
				"origin": [
					12,
					0,
					0
				]
			},
			"faces": {
				"north": {
					"uv": [
						13.25,
						3.75,
						12.75,
						4
					],
					"rotation": 180,
					"texture": "#0"
				},
				"east": {
					"uv": [
						0,
						0,
						0.25,
						0
					],
					"rotation": 270,
					"texture": "#0"
				},
				"south": {
					"uv": [
						13.25,
						3.25,
						12.75,
						3
					],
					"texture": "#0"
				},
				"west": {
					"uv": [
						0,
						0,
						0.25,
						0
					],
					"rotation": 90,
					"texture": "#0"
				},
				"up": {
					"uv": [
						0,
						0,
						0.5,
						0
					],
					"rotation": 180,
					"texture": "#0"
				},
				"down": {
					"uv": [
						0,
						0,
						0.5,
						0
					],
					"texture": "#0"
				}
			}
		},
		{
			"from": [
				14.8,
				1.8000000000000007,
				0.8000000000000007
			],
			"to": [
				16.2,
				3.1999999999999993,
				5.199999999999999
			],
			"rotation": {
				"angle": 0,
				"axis": "y",
				"origin": [
					12,
					0,
					0
				]
			},
			"faces": {
				"north": {
					"uv": [
						13.25,
						9.5,
						13,
						9.75
					],
					"rotation": 180,
					"texture": "#0"
				},
				"east": {
					"uv": [
						9.75,
						12,
						10,
						13
					],
					"rotation": 270,
					"texture": "#0"
				},
				"south": {
					"uv": [
						9.75,
						13.25,
						9.5,
						13
					],
					"texture": "#0"
				},
				"west": {
					"uv": [
						10.5,
						12,
						10.75,
						13
					],
					"rotation": 90,
					"texture": "#0"
				},
				"up": {
					"uv": [
						9.5,
						12,
						9.75,
						13
					],
					"rotation": 180,
					"texture": "#0"
				},
				"down": {
					"uv": [
						10.25,
						12,
						10.5,
						13
					],
					"texture": "#0"
				}
			}
		},
		{
			"from": [
				12.8,
				2.8000000000000007,
				4.800000000000001
			],
			"to": [
				15.2,
				4.199999999999999,
				5.199999999999999
			],
			"rotation": {
				"angle": 0,
				"axis": "y",
				"origin": [
					12,
					0,
					0
				]
			},
			"faces": {
				"north": {
					"uv": [
						13.25,
						2.75,
						12.75,
						3
					],
					"rotation": 180,
					"texture": "#0"
				},
				"east": {
					"uv": [
						0,
						0,
						0.25,
						0
					],
					"rotation": 270,
					"texture": "#0"
				},
				"south": {
					"uv": [
						13.25,
						2.75,
						12.75,
						2.5
					],
					"texture": "#0"
				},
				"west": {
					"uv": [
						0,
						0,
						0.25,
						0
					],
					"rotation": 90,
					"texture": "#0"
				},
				"up": {
					"uv": [
						0,
						0,
						0.5,
						0
					],
					"rotation": 180,
					"texture": "#0"
				},
				"down": {
					"uv": [
						0,
						0,
						0.5,
						0
					],
					"texture": "#0"
				}
			}
		},
		{
			"from": [
				12.8,
				10.8,
				3.8000000000000007
			],
			"to": [
				16.2,
				12.2,
				5.199999999999999
			],
			"rotation": {
				"angle": 0,
				"axis": "y",
				"origin": [
					13,
					8,
					0
				]
			},
			"faces": {
				"north": {
					"uv": [
						13,
						7.75,
						12.25,
						8
					],
					"rotation": 180,
					"texture": "#0"
				},
				"east": {
					"uv": [
						9.75,
						13,
						10,
						13.25
					],
					"rotation": 270,
					"texture": "#0"
				},
				"south": {
					"uv": [
						13,
						7.75,
						12.25,
						7.5
					],
					"texture": "#0"
				},
				"west": {
					"uv": [
						13,
						9.75,
						13.25,
						10
					],
					"rotation": 90,
					"texture": "#0"
				},
				"up": {
					"uv": [
						12.25,
						7,
						13,
						7.25
					],
					"rotation": 180,
					"texture": "#0"
				},
				"down": {
					"uv": [
						12.25,
						7.25,
						13,
						7.5
					],
					"texture": "#0"
				}
			}
		},
		{
			"from": [
				12.8,
				10.8,
				0.8000000000000007
			],
			"to": [
				16.2,
				12.2,
				2.1999999999999993
			],
			"rotation": {
				"angle": 0,
				"axis": "y",
				"origin": [
					13,
					8,
					-3
				]
			},
			"faces": {
				"north": {
					"uv": [
						13,
						8.75,
						12.25,
						9
					],
					"rotation": 180,
					"texture": "#0"
				},
				"east": {
					"uv": [
						10,
						13,
						10.25,
						13.25
					],
					"rotation": 270,
					"texture": "#0"
				},
				"south": {
					"uv": [
						13,
						8.75,
						12.25,
						8.5
					],
					"texture": "#0"
				},
				"west": {
					"uv": [
						13,
						10,
						13.25,
						10.25
					],
					"rotation": 90,
					"texture": "#0"
				},
				"up": {
					"uv": [
						12.25,
						8,
						13,
						8.25
					],
					"rotation": 180,
					"texture": "#0"
				},
				"down": {
					"uv": [
						12.25,
						8.25,
						13,
						8.5
					],
					"texture": "#0"
				}
			}
		},
		{
			"from": [
				11.8,
				8.8,
				0.8000000000000007
			],
			"to": [
				16.2,
				10.2,
				5.199999999999999
			],
			"rotation": {
				"angle": 0,
				"axis": "y",
				"origin": [
					16,
					9,
					6
				]
			},
			"faces": {
				"north": {
					"uv": [
						13,
						6.25,
						12,
						6
					],
					"texture": "#0"
				},
				"east": {
					"uv": [
						8.5,
						12,
						8.75,
						13
					],
					"rotation": 90,
					"texture": "#0"
				},
				"south": {
					"uv": [
						13,
						6.25,
						12,
						6.5
					],
					"rotation": 180,
					"texture": "#0"
				},
				"west": {
					"uv": [
						8.25,
						12,
						8.5,
						13
					],
					"rotation": 270,
					"texture": "#0"
				},
				"up": {
					"uv": [
						6,
						10.5,
						7,
						11.5
					],
					"texture": "#0"
				},
				"down": {
					"uv": [
						7,
						10.5,
						8,
						11.5
					],
					"rotation": 180,