{
	"textures": {
		"0": "animated_java:item/velvet/velvet"
	},
	"elements": [
		{
			"from": [
				17.719008264462808,
				28.628099173553718,
				7.801652892561984
			],
			"to": [
				18.115702479338843,
				32,
				12.165289256198346
			],
			"rotation": {
				"angle": -45,
				"axis": "z",
				"origin": [
					6.016528925619835,
					30.809917355371898,
					8
				]
			},
			"faces": {
				"north": {
					"uv": [
						0,
						0,
						0.75,
						0
					],
					"rotation": 270,
					"texture": "#0"
				},
				"east": {
					"uv": [
						11.75,
						2.5,
						11,
						1.5
					],
					"rotation": 90,
					"texture": "#0"
				},
				"south": {
					"uv": [
						0,
						0,
						0.75,
						0
					],
					"rotation": 90,
					"texture": "#0"
				},
				"west": {
					"uv": [
						3,
						11,
						2.25,
						12
					],
					"rotation": 90,
					"texture": "#0"
				},
				"up": {
					"uv": [
						0,
						0,
						1,
						0
					],
					"rotation": 90,
					"texture": "#0"
				},
				"down": {
					"uv": [
						0,
						0,
						1,
						0
					],
					"rotation": 90,
					"texture": "#0"
				}
			}
		},
		{
			"from": [
				16.727272727272727,
				27.636363636363637,
				11.768595041322314
			],
			"to": [
				19.107438016528924,
				30.01652892561983,
				12.165289256198346
			],
			"rotation": {
				"angle": -45,
				"axis": "z",
				"origin": [
					7.008264462809917,
					29.818181818181817,
					7.008264462809917
				]
			},
			"faces": {
				"north": {
					"uv": [
						4.5,
						12,
						5,
						12.5
					],
					"rotation": 270,
					"texture": "#0"
				},
				"east": {
					"uv": [
						0.5,
						0,
						0,
						0
					],
					"rotation": 90,
					"texture": "#0"
				},
				"south": {
					"uv": [
						12,
						4.75,
						12.5,
						5.25
					],
					"rotation": 90,
					"texture": "#0"
				},
				"west": {
					"uv": [
						0.5,
						0,
						0,
						0
					],
					"rotation": 90,
					"texture": "#0"
				},
				"up": {
					"uv": [
						0,
						0,
						0,
						0.5
					],
					"rotation": 90,
					"texture": "#0"
				},
				"down": {
					"uv": [
						0,
						0,
						0,
						0.5
					],
					"rotation": 90,
					"texture": "#0"
				}
			}
		},
		{
			"from": [
				15.735537190082646,
				26.644628099173552,
				11.768595041322314
			],
			"to": [
				18.115702479338843,
				29.02479338842975,
				12.165289256198346
			],
			"rotation": {
				"angle": -45,
				"axis": "z",
				"origin": [
					6.016528925619835,
					28.826446280991735,
					7.008264462809917
				]
			},
			"faces": {
				"north": {
					"uv": [
						5,
						12,
						5.5,
						12.5
					],
					"rotation": 270,
					"texture": "#0"
				},
				"east": {
					"uv": [
						0.5,
						0,
						0,
						0
					],
					"rotation": 90,
					"texture": "#0"
				},
				"south": {
					"uv": [
						12,
						5.25,
						12.5,
						5.75
					],
					"rotation": 90,
					"texture": "#0"
				},
				"west": {
					"uv": [
						0.5,
						0,
						0,
						0
					],
					"rotation": 90,
					"texture": "#0"
				},
				"up": {
					"uv": [
						0,
						0,
						0,
						0.5
					],
					"rotation": 90,
					"texture": "#0"
				},
				"down": {
					"uv": [
						0,
						0,
						0,
						0.5
					],
					"rotation": 90,
					"texture": "#0"
				}
			}
		},
		{
			"from": [
				15.735537190082646,
				27.636363636363637,
				11.768595041322314
			],
			"to": [
				17.12396694214876,
				29.02479338842975,
				12.165289256198346
			],
			"rotation": {
				"angle": -45,
				"axis": "z",
				"origin": [
					5.024793388429752,
					28.826446280991735,
					7.008264462809917
				]
			},
			"faces": {
				"north": {
					"uv": [
						8,
						13,
						8.25,
						13.25
					],
					"rotation": 270,
					"texture": "#0"
				},
				"east": {
					"uv": [
						0.25,
						0,
						0,
						0
					],
					"rotation": 90,
					"texture": "#0"
				},
				"south": {
					"uv": [
						13,
						8,
						13.25,
						8.25
					],
					"rotation": 90,
					"texture": "#0"
				},
				"west": {
					"uv": [
						0.25,
						0,
						0,
						0
					],
					"rotation": 90,
					"texture": "#0"
				},
				"up": {
					"uv": [
						0,
						0,
						0,
						0.25
					],
					"rotation": 90,
					"texture": "#0"
				},
				"down": {
					"uv": [
						0,
						0,
						0,
						0.25
					],
					"rotation": 90,
					"texture": "#0"
				}
			}
		},
		{
			"from": [
				11.768595041322314,
				31.603305785123965,
				7.801652892561984
			],
			"to": [
				18.115702479338843,
				32,
				12.165289256198346
			],
			"rotation": {
				"angle": -45,
				"axis": "z",
				"origin": [
					6.016528925619835,
					30.809917355371898,
					8
				]
			},
			"faces": {
				"north": {
					"uv": [
						0,
						0,
						0,
						1.5
					],
					"rotation": 270,
					"texture": "#0"
				},
				"east": {
					"uv": [
						0,
						1,
						0,
						0
					],
					"rotation": 90,
					"texture": "#0"
				},
				"south": {
					"uv": [
						0,
						0,
						0,
						1.5
					],
					"rotation": 90,
					"texture": "#0"
				},
				"west": {
					"uv": [
						0,
						0,
						0,
						1
					],
					"rotation": 90,
					"texture": "#0"
				},
				"up": {
					"uv": [
						7,
						9,
						8,
						10.5
					],
					"rotation": 90,
					"texture": "#0"
				},
				"down": {
					"uv": [
						6,
						9,
						7,
						10.5
					],
					"rotation": 90,
					"texture": "#0"
				}
			}
		},
		{
			"from": [
				10.776859504132233,
				27.636363636363637,
				7.801652892561984
			],
			"to": [
				12.165289256198346,
				29.02479338842975,
				8.198347107438016
			],
			"rotation": {
				"angle": -45,
				"axis": "z",
				"origin": [
					6.016528925619835,
					30.809917355371898,
					8
				]
			},
			"faces": {
				"north": {
					"uv": [
						7.75,
						13,
						8,
						13.25
					],
					"rotation": 270,
					"texture": "#0"
				},
				"east": {
					"uv": [
						0.25,
						0,
						0,
						0
					],
					"rotation": 90,
					"texture": "#0"
				},
				"south": {
					"uv": [
						13,
						7.75,
						13.25,
						8
					],
					"rotation": 90,
					"texture": "#0"
				},
				"west": {
					"uv": [
						0.25,
						0,
						0,
						0
					],
					"rotation": 90,
					"texture": "#0"
				},
				"up": {
					"uv": [
						0,
						0,
						0,
						0.25
					],
					"rotation": 90,
					"texture": "#0"
				},
				"down": {
					"uv": [
						0,
						0,
						0,
						0.25
					],
					"rotation": 90,
					"texture": "#0"
				}
			}
		},
		{
			"from": [
				11.768595041322314,
				27.636363636363637,
				7.801652892561984
			],
			"to": [
				18.115702479338843,
				32,
				8.198347107438016
			],
			"rotation": {
				"angle": -45,
				"axis": "z",
				"origin": [
					6.016528925619835,
					30.809917355371898,
					8
				]
			},
			"faces": {
				"north": {
					"uv": [
						8,
						9,
						9,
						10.5
					],
					"rotation": 270,
					"texture": "#0"
				},
				"east": {
					"uv": [
						1,
						0,
						0,
						0
					],
					"rotation": 90,
					"texture": "#0"
				},
				"south": {
					"uv": [
						9,
						8,
						10,
						9.5
					],
					"rotation": 90,
					"texture": "#0"
				},
				"west": {
					"uv": [
						1,
						0,
						0,
						0
					],
					"rotation": 90,
					"texture": "#0"
				},
				"up": {
					"uv": [
						0,
						0,
						0,
						1.5
					],
					"rotation": 90,
					"texture": "#0"
				},
				"down": {
					"uv": [
						0,
						0,
						0,
						1.5
					],
					"rotation": 90,
					"texture": "#0"
				}
			}
		},
		{
			"from": [
				6.016528925619835,
				27.83471074380165,
				8
			],
			"to": [
				17.917355371900825,
				31.801652892561982,
				11.96694214876033
			],
			"rotation": {
				"angle": -45,
				"axis": "z",
				"origin": [
					6.016528925619835,
					30.809917355371898,
					8
				]
			},
			"faces": {
				"north": {
					"uv": [
						6,
						0,
						7,
						3
					],