{
	"textures": {
		"0": "animated_java:item/velvet/velvet"
	},
	"elements": [
		{
			"from": [
				4.800000000000001,
				8.8,
				-0.1999999999999993
			],
			"to": [
				7.199999999999999,
				10.2,
				0.1999999999999993
			],
			"rotation": {
				"angle": 0,
				"axis": "y",
				"origin": [
					4,
					8,
					-5
				]
			},
			"faces": {
				"north": {
					"uv": [
						13.25,
						1.75,
						12.75,
						2
					],
					"rotation": 180,
					"texture": "#0"
				},
				"east": {
					"uv": [
						0,
						0,
						0.25,
						0
					],
					"rotation": 270,
					"texture": "#0"
				},
				"south": {
					"uv": [
						2.25,
						13,
						1.75,
						12.75
					],
					"texture": "#0"
				},
				"west": {
					"uv": [
						0,
						0,
						0.25,
						0
					],
					"rotation": 90,
					"texture": "#0"
				},
				"up": {
					"uv": [
						0,
						0,
						0.5,
						0
					],
					"rotation": 180,
					"texture": "#0"
				},
				"down": {
					"uv": [
						0,
						0,
						0.5,
						0
					],
					"texture": "#0"
				}
			}
		},
		{
			"from": [
				3.8000000000000007,
				5.800000000000001,
				-4.199999999999999
			],
			"to": [
				8.2,
				7.199999999999999,
				0.1999999999999993
			],
			"rotation": {
				"angle": 0,
				"axis": "y",
				"origin": [
					4,
					6,
					-5
				]
			},
			"faces": {
				"north": {
					"uv": [
						13,
						5.75,
						12,
						6
					],
					"rotation": 180,
					"texture": "#0"
				},
				"east": {
					"uv": [
						2.75,
						12,
						3,
						13
					],
					"rotation": 270,
					"texture": "#0"
				},
				"south": {
					"uv": [
						6.75,
						12.25,
						5.75,
						12
					],
					"texture": "#0"
				},
				"west": {
					"uv": [
						5.5,
						12,
						5.75,
						13
					],
					"rotation": 90,
					"texture": "#0"
				},
				"up": {
					"uv": [
						4,
						10.5,
						5,
						11.5
					],
					"rotation": 180,
					"texture": "#0"
				},
				"down": {
					"uv": [
						5,
						10.5,
						6,
						11.5
					],
					"texture": "#0"
				}
			}
		},
		{
			"from": [
				3.8000000000000007,
				16.8,
				-4.199999999999999
			],
			"to": [
				7.199999999999999,
				18.2,
				-2.8000000000000007
			],
			"rotation": {
				"angle": 0,
				"axis": "y",
				"origin": [
					3,
					17,
					-8
				]
			},
			"faces": {
				"north": {
					"uv": [
						13,
						2,
						12.25,
						2.25
					],
					"rotation": 180,
					"texture": "#0"
				},
				"east": {
					"uv": [
						8.75,
						13,
						9,
						13.25
					],
					"rotation": 270,
					"texture": "#0"
				},
				"south": {
					"uv": [
						12.75,
						10.75,
						12,
						10.5
					],
					"texture": "#0"
				},
				"west": {
					"uv": [
						13,
						8.75,
						13.25,
						9
					],
					"rotation": 90,
					"texture": "#0"
				},
				"up": {
					"uv": [
						12,
						6.5,
						12.75,
						6.75
					],
					"rotation": 180,
					"texture": "#0"
				},
				"down": {
					"uv": [
						12,
						10.25,
						12.75,
						10.5
					],
					"texture": "#0"
				}
			}
		},
		{
			"from": [
				3.8000000000000007,
				16.8,
				-1.1999999999999993
			],
			"to": [
				7.199999999999999,
				18.2,
				0.1999999999999993
			],
			"rotation": {
				"angle": 0,
				"axis": "y",
				"origin": [
					3,
					17,
					-6
				]
			},
			"faces": {
				"north": {
					"uv": [
						6.5,
						12.25,
						5.75,
						12.5
					],
					"rotation": 180,
					"texture": "#0"
				},
				"east": {
					"uv": [
						9,
						13,
						9.25,
						13.25
					],
					"rotation": 270,
					"texture": "#0"
				},
				"south": {
					"uv": [
						13,
						3.75,
						12.25,
						3.5
					],
					"texture": "#0"
				},
				"west": {
					"uv": [
						13,
						9,
						13.25,
						9.25
					],
					"rotation": 90,
					"texture": "#0"
				},
				"up": {
					"uv": [
						12.25,
						2.25,
						13,
						2.5
					],
					"rotation": 180,
					"texture": "#0"
				},
				"down": {
					"uv": [
						12.25,
						3.25,
						13,
						3.5
					],
					"texture": "#0"
				}
			}
		},
		{
			"from": [
				3.8000000000000007,
				7.800000000000001,
				-4.199999999999999
			],
			"to": [
				5.199999999999999,
				9.2,
				0.1999999999999993
			],
			"rotation": {
				"angle": 0,
				"axis": "y",
				"origin": [
					4,
					8,
					-5
				]
			},
			"faces": {
				"north": {
					"uv": [
						13.25,
						8.25,
						13,
						8.5
					],
					"rotation": 180,
					"texture": "#0"
				},
				"east": {
					"uv": [
						7,
						12,
						7.25,
						13
					],
					"rotation": 270,
					"texture": "#0"
				},
				"south": {
					"uv": [
						8.5,
						13.25,
						8.25,
						13
					],
					"texture": "#0"
				},
				"west": {
					"uv": [
						7.25,
						12,
						7.5,
						13
					],
					"rotation": 90,
					"texture": "#0"
				},
				"up": {
					"uv": [
						6.75,
						12,
						7,
						13
					],
					"rotation": 180,
					"texture": "#0"
				},
				"down": {
					"uv": [
						12,
						7,
						12.25,
						8
					],
					"texture": "#0"
				}
			}
		},
		{
			"from": [
				6.800000000000001,
				7.800000000000001,
				-4.199999999999999
			],
			"to": [
				8.2,
				9.2,
				0.1999999999999993
			],
			"rotation": {
				"angle": 0,
				"axis": "y",
				"origin": [
					4,
					8,
					-5
				]
			},
			"faces": {
				"north": {
					"uv": [
						13.25,
						8.5,
						13,
						8.75
					],
					"rotation": 180,
					"texture": "#0"
				},
				"east": {
					"uv": [
						7.75,
						12,
						8,
						13
					],
					"rotation": 270,
					"texture": "#0"
				},
				"south": {
					"uv": [
						8.75,
						13.25,
						8.5,
						13
					],
					"texture": "#0"
				},
				"west": {
					"uv": [
						12,
						8,
						12.25,
						9
					],
					"rotation": 90,
					"texture": "#0"
				},
				"up": {
					"uv": [
						7.5,
						12,
						7.75,
						13
					],
					"rotation": 180,
					"texture": "#0"
				},
				"down": {
					"uv": [
						8,
						12,
						8.25,
						13
					],
					"texture": "#0"
				}
			}
		},
		{
			"from": [
				4.800000000000001,
				7.800000000000001,
				-4.199999999999999
			],
			"to": [
				7.199999999999999,
				9.2,
				-3.8000000000000007
			],
			"rotation": {
				"angle": 0,
				"axis": "y",
				"origin": [
					4,
					8,
					-5
				]
			},
			"faces": {
				"north": {
					"uv": [
						13.25,
						4.25,
						12.75,
						4.5
					],
					"rotation": 180,
					"texture": "#0"
				},
				"east": {
					"uv": [
						0,
						0,
						0.25,
						0
					],
					"rotation": 270,
					"texture": "#0"
				},
				"south": {
					"uv": [
						13.25,
						4.25,
						12.75,
						4
					],
					"texture": "#0"
				},
				"west": {
					"uv": [
						0,
						0,
						0.25,
						0
					],
					"rotation": 90,
					"texture": "#0"
				},
				"up": {
					"uv": [
						0,
						0,
						0.5,
						0
					],
					"rotation": 180,
					"texture": "#0"
				},
				"down": {
					"uv": [
						0,
						0,
						0.5,
						0
					],
					"texture": "#0"
				}
			}
		},
		{
			"from": [
				4,
				6,
				-4
			],
			"to": [
				8,
				18,
				0
			],
			"rotation": {
				"angle": 0,
				"axis": "y",
				"origin": [
					4,
					6,
					-5
				]
			},
			"faces": {
				"north": {
					"uv": [
						9,
						0,
						8,
						3
					],
					"rotation": 180,
					"texture": "#0"
				},
				"east": {
					"uv": [
						7,
						3,
						10,
						4
					],
					"rotation": 270,
					"texture": "#0"
				},
				"south": {
					"uv": [
						8,
						8,
						7,
						5
					],
					"texture": "#0"
				},
				"west": {
					"uv": [
						7,
						4,
						10,
						5
					],
					"rotation": 90,
					"texture": "#0"
				},
				"up": {
					"uv": [
						10,
						1,
						11,
						2
					],
					"rotation": 180,
					"texture": "#0"
				},
				"down": {
					"uv": [
						10,
						2,
						11,
						3
					],
					"texture": "#0"
				}
			}
		}
	],