{
	"textures": {
		"0": "animated_java:item/sign/sign"
	},
	"elements": [
		{
			"from": [
				5.611940298507463,
				12.17910447761194,
				7.402985074626866
			],
			"to": [
				8,
				19.34328358208955,
				9.791044776119403
			],
			"rotation": {
				"angle": 0,
				"axis": "z",
				"origin": [
					5.611940298507463,
					12.17910447761194,
					6.8059701492537314
				]
			},
			"faces": {
				"north": {
					"uv": [
						6,
						8,
						5,
						11
					],
					"rotation": 180,
					"texture": "#0"
				},
				"east": {
					"uv": [
						2,
						8,
						5,
						9
					],
					"rotation": 270,
					"texture": "#0"
				},
				"south": {
					"uv": [
						9,
						6,
						8,
						3
					],
					"texture": "#0"
				},
				"west": {
					"uv": [
						8,
						2,
						11,
						3
					],
					"rotation": 90,
					"texture": "#0"
				},
				"up": {
					"uv": [
						10,
						0,
						11,
						1
					],
					"rotation": 180,
					"texture": "#0"
				},
				"down": {
					"uv": [
						10,
						1,
						11,
						2
					],
					"texture": "#0"
				}
			}
		},
		{
			"from": [
				5.492537313432837,
				12.059701492537314,
				7.283582089552239
			],
			"to": [
				8.119402985074627,
				19.462686567164177,
				9.910447761194028
			],
			"rotation": {
				"angle": 0,
				"axis": "z",
				"origin": [
					5.611940298507463,
					12.17910447761194,
					6.8059701492537314
				]
			},
			"faces": {
				"north": {
					"uv": [
						4,
						9,
						3,
						12
					],
					"rotation": 180,
					"texture": "#0"
				},
				"east": {
					"uv": [
						6,
						8,
						9,
						9
					],
					"rotation": 270,
					"texture": "#0"
				},
				"south": {
					"uv": [
						3,
						12,
						2,
						9
					],
					"texture": "#0"
				},
				"west": {
					"uv": [
						8,
						6,
						11,
						7
					],
					"rotation": 90,
					"texture": "#0"
				},
				"up": {
					"uv": [
						13,
						2,
						14,
						3
					],
					"rotation": 180,
					"texture": "#0"
				},
				"down": {
					"uv": [
						13,
						3,
						14,
						4
					],
					"texture": "#0"
				}
			}
		},
		{
			"from": [
				10.985074626865671,
				12.776119402985074,
				7.402985074626866
			],
			"to": [
				13.373134328358208,
				19.940298507462686,
				9.791044776119403
			],
			"rotation": {
				"angle": 22.5,
				"axis": "z",
				"origin": [
					10.985074626865671,
					12.776119402985074,
					6.8059701492537314
				]
			},
			"faces": {
				"north": {
					"uv": [
						7,
						9,
						6,
						12
					],
					"rotation": 180,
					"texture": "#0"
				},
				"east": {
					"uv": [
						8,
						7,
						11,
						8
					],
					"rotation": 270,
					"texture": "#0"
				},
				"south": {
					"uv": [
						5,
						12,
						4,
						9
					],
					"texture": "#0"
				},
				"west": {
					"uv": [
						9,
						3,
						12,
						4
					],
					"rotation": 90,
					"texture": "#0"
				},
				"up": {
					"uv": [
						13,
						4,
						14,
						5
					],
					"rotation": 180,
					"texture": "#0"
				},
				"down": {
					"uv": [
						13,
						5,
						14,
						6
					],
					"texture": "#0"
				}
			}
		},
		{
			"from": [
				10.865671641791046,
				12.656716417910449,
				7.283582089552239
			],
			"to": [
				13.492537313432834,
				20.059701492537314,
				9.910447761194028
			],
			"rotation": {
				"angle": 22.5,
				"axis": "z",
				"origin": [
					10.985074626865671,
					12.776119402985074,
					6.8059701492537314
				]
			},
			"faces": {
				"north": {
					"uv": [
						9,
						9,
						8,
						12
					],
					"rotation": 180,
					"texture": "#0"
				},
				"east": {
					"uv": [
						9,
						4,
						12,
						5
					],
					"rotation": 270,
					"texture": "#0"
				},
				"south": {
					"uv": [
						8,
						12,
						7,
						9
					],
					"texture": "#0"
				},
				"west": {
					"uv": [
						9,
						5,
						12,
						6
					],
					"rotation": 90,
					"texture": "#0"
				},
				"up": {
					"uv": [
						13,
						6,
						14,
						7
					],
					"rotation": 180,
					"texture": "#0"
				},
				"down": {
					"uv": [
						13,
						7,
						14,
						8
					],
					"texture": "#0"
				}
			}
		},
		{
			"from": [
				8.597014925373134,
				29.492537313432834,
				7.402985074626866
			],
			"to": [
				15.761194029850746,
				31.88059701492537,
				9.791044776119403
			],
			"rotation": {
				"angle": 45,
				"axis": "z",
				"origin": [
					15.761194029850746,
					29.492537313432834,
					7.402985074626866
				]
			},
			"faces": {
				"north": {
					"uv": [
						9,
						8,
						10,
						11
					],
					"rotation": 90,
					"texture": "#0"
				},
				"east": {
					"uv": [
						14,
						9,
						13,
						10
					],
					"rotation": 270,
					"texture": "#0"
				},
				"south": {
					"uv": [
						1,
						10,
						2,
						13
					],
					"rotation": 270,
					"texture": "#0"
				},
				"west": {
					"uv": [
						14,
						9,
						13,
						8
					],
					"rotation": 270,
					"texture": "#0"
				},
				"up": {
					"uv": [
						0,
						10,
						1,
						13
					],
					"rotation": 270,
					"texture": "#0"
				},
				"down": {
					"uv": [
						10,
						8,
						11,
						11
					],
					"rotation": 270,
					"texture": "#0"
				}
			}
		},
		{
			"from": [
				8.477611940298507,
				29.373134328358205,
				7.283582089552239
			],
			"to": [
				15.880597014925371,
				32,
				9.910447761194028
			],
			"rotation": {
				"angle": 45,
				"axis": "z",
				"origin": [
					15.761194029850746,
					29.492537313432834,
					7.402985074626866
				]
			},
			"faces": {
				"north": {
					"uv": [
						11,
						0,
						12,
						3
					],
					"rotation": 90,
					"texture": "#0"
				},
				"east": {
					"uv": [
						12,
						13,
						11,
						14
					],
					"rotation": 270,
					"texture": "#0"
				},
				"south": {
					"uv": [
						11,
						6,
						12,
						9
					],
					"rotation": 270,
					"texture": "#0"
				},
				"west": {
					"uv": [
						14,
						11,
						13,
						10
					],
					"rotation": 270,
					"texture": "#0"
				},
				"up": {
					"uv": [
						5,
						11,
						6,
						14
					],
					"rotation": 270,
					"texture": "#0"
				},
				"down": {
					"uv": [
						9,
						11,
						10,
						14
					],
					"rotation": 270,
					"texture": "#0"
				}
			}
		},
		{
			"from": [
				1.432835820895523,
				28.8955223880597,
				7.402985074626866
			],
			"to": [
				8.597014925373134,
				31.283582089552237,
				9.791044776119403
			],
			"rotation": {
				"angle": -45,
				"axis": "z",
				"origin": [
					1.432835820895523,
					30.686567164179102,
					7.402985074626866
				]
			},
			"faces": {
				"north": {
					"uv": [
						11,
						9,
						12,
						12
					],
					"rotation": 270,
					"texture": "#0"
				},
				"east": {
					"uv": [
						14,
						12,
						13,
						11
					],
					"rotation": 90,
					"texture": "#0"
				},
				"south": {
					"uv": [
						12,
						0,
						13,
						3
					],
					"rotation": 90,
					"texture": "#0"
				},
				"west": {
					"uv": [
						13,
						13,
						12,
						14
					],
					"rotation": 90,
					"texture": "#0"
				},
				"up": {
					"uv": [
						2,
						12,
						3,
						15
					],
					"rotation": 90,
					"texture": "#0"
				},
				"down": {
					"uv": [
						10,
						11,
						11,
						14
					],
					"rotation": 90,
					"texture": "#0"
				}
			}
		},
		{
			"from": [
				1.3134328358208966,
				28.77611940298507,
				7.283582089552239
			],
			"to": [
				8.716417910447761,
				31.402985074626866,
				9.910447761194028
			],
			"rotation": {
				"angle": -45,
				"axis": "z",
				"origin": [
					1.432835820895523,
					30.686567164179102,
					7.402985074626866
				]
			},
			"faces": {
				"north": {
					"uv": [
						3,
						12,
						4,
						15
					],
					"rotation": 270,
					"texture": "#0"
				},
				"east": {
					"uv": [
						14,
						13,
						13,
						12
					],